GOV.UK homepage,0,0,0,-3.2259577795152463,
,Entering and staying in the UK,1,0,0,-1.6875,0
,,Travel and identity documents for foreign nationals,2,0,0,0,0
,,Immigration offences,2,0,0,-1.0,0
,,,"Deportation, removals and curtailment",3,0,0,0,0
,,,Immigration detention,3,0,0,0,0
,,,Immigration penalties,3,0,0,0,0
,,Immigration adviser services,2,0,0,0,0
,,Rights of foreign nationals in the UK,2,0,0,-1.0,0
,,,Rights of nationals from outside the EU and EEA,3,0,0,0,0
,,,Foreign nationals working in the UK,3,0,0,0,0
,,,Right to rent in the UK,3,0,0,0,0
,,,Rights of EU and EEA citizens,3,0,0,0,0
,,Visas and immigration corporate,2,0,0,0,0
,,Border control,2,0,0,0,0
,,Immigration rules,2,0,0,0,0
,,"Refugees, asylum and human rights",2,0,0,-1.0,0
,,,"Refugee, asylum and human rights claims",3,0,0,0,0
,,,Asylum decisions and appeals,3,0,0,0,0
,,,Asylum for children,3,0,0,0,0
,,,Support for asylum claimants and refugees,3,0,0,0,0
,,Visas and entry clearance,2,0,0,-1.0,0
,,,Work and investor visas,3,0,0,0,0
,,,Visit and transit visas,3,0,0,0,0
,,,Visa application centres,3,0,0,0,0
,,,Visa sponsorship,3,0,0,0,0
,,,Tuberculosis (TB) testing,3,0,0,0,0
,,,Student visas,3,0,0,0,0
,,,Family visas,3,0,0,0,0
,,,Visa refusals and appeals,3,0,0,0,0
,,,Visa applications,3,0,0,0,0
,,Permanent stay in the UK,2,0,0,-1.0,0
,,,Citizenship,3,0,0,0,0
,,,Settlement,3,0,0,0,0
,Going and being abroad,1,0,0,-1.0,0
,,Travel abroad,2,0,0,0,0
,,Passports,2,0,0,0,0
,,British nationals overseas,2,0,0,0,0
,,Living abroad,2,0,0,0,0
,"Education, training and skills",1,0,0,-2.4313725490196076,0
,,"Further and higher education, skills and vocational training",2,0,0,-1.6666666666666665,0
,,,Further education funding,3,0,0,-1.0,0
,,,,Administering student funding,4,0,0,0,0
,,,,Dance and drama funding for 16 to 19 year olds,4,0,0,0,0
,,,,Further education funding data,4,0,0,0,0
,,,,Free meals for 16 to 18 year olds,4,0,0,0,0
,,,,European Social Fund (ESF) and skills funding,4,0,0,0,0
,,,,Further education buildings and land,4,0,0,0,0
,,,,Apprenticeships funding,4,0,0,0,0
,,,,Adult education funding,4,0,0,0,0
,,,"Apprenticeships, traineeships and internships",3,0,0,-1.0,0
,,,,Hiring and training an apprentice,4,0,0,0,0
,,,,Becoming an apprentice,4,0,0,0,0
,,,,Hiring and training an intern or trainee,4,0,0,0,0
,,,,Types of apprenticeships,4,0,0,0,0
,,,,Becoming an intern or trainee,4,0,0,0,0
,,,Adult and community learning,3,0,0,0,0
,,,Careers guidance in further and higher education,3,0,0,0,0
,,,Further and higher education courses and qualifications,3,0,0,-1.0,0
,,,,Functional skills,4,0,0,0,0
,,,,Principal learning qualifications,4,0,0,0,0
,,,Further education financial management and data collection,3,0,0,-1.0,0
,,,,Data collection for further education providers,4,0,0,0,0
,,,,Local authority further education financial reporting and assurance,4,0,0,0,0
,,,,Financial management for further education providers,4,0,0,0,0
,,,Running a further or higher education institution,3,0,0,0,0
,,,Learning Records Service (LRS),3,0,0,0,0
,,,Education in prisons,3,0,0,0,0
,,"Pupil wellbeing, behaviour and attendance",2,0,0,-1.0,0
,,,Safeguarding pupils,3,0,0,0,0
,,,School attendance and absence,3,0,0,0,0
,,,School discipline and exclusions,3,0,0,0,0
,,,"Health, safety and wellbeing in schools",3,0,0,0,0
,,,School bullying,3,0,0,0,0
,,,Alternative provision and pupil referral units,3,0,0,0,0
,,Teaching and leadership,2,0,0,-1.375,0
,,,"Teaching standards, misconduct and practice",3,0,0,0,0
,,,Teacher training and professional development,3,0,0,-1.0,0
,,,,School leadership,4,0,0,0,0
,,,,Initial Teacher Training (ITT),4,0,0,0,0
,,,,Qualified Teacher Status (QTS),4,0,0,0,0
,,,"Recruiting, inducting and managing teachers",3,0,0,0,0
,,,"Teacher pay, pensions and conditions",3,0,0,0,0
,,,Teacher records,3,0,0,0,0
,,Inspections and performance of education providers,2,0,0,-1.8888888888888888,0
,,,Inspection and performance of schools,3,0,0,-1.0,0
,,,,School intervention notices and reports,4,0,0,0,0
,,,,Inspection of local authority support for schools,4,0,0,0,0
,,,,School performance tables and Ofsted reports,4,0,0,0,0
,,,,Inspection of maintained schools and academies,4,0,0,0,0
,,,,Inspection of boarding and residential schools,4,0,0,0,0
,,,,Inspection of non-maintained schools,4,0,0,0,0
,,,,Inspection of British schools overseas,4,0,0,0,0
,,,,School performance measures,4,0,0,0,0
,,,,Inspection of independent schools,4,0,0,0,0
,,,,Pupil performance in schools,4,0,0,0,0
,,,Inspection and performance of further education providers,3,0,0,-1.0,0
,,,,Inspection of further education and skills providers,4,0,0,0,0
,,,,Performance data and Ofsted reports of further education providers,4,0,0,0,0
,,,,Further education provider performance measures,4,0,0,0,0
,,,,Student performance in further education,4,0,0,0,0
,,,,Further education intervention notices and reports,4,0,0,0,0
,,,,Inspection of residential provision in further education colleges,4,0,0,0,0
,,Education of disadvantaged children,2,0,0,0,0
,,Starting and attending school,2,0,0,-1.0,0
,,,Sending a child to school,3,0,0,0,0
,,,Help with school costs,3,0,0,0,0
,,,Dealing with problems at school,3,0,0,0,0
,,,Home schooling,3,0,0,0,0
,,Running and managing a school,2,0,0,-1.5862068965517242,0
,,,School-to-school support,3,0,0,0,0
,,,Data collection and censuses for schools,3,0,0,-1.0,0
,,,,School censuses and school-level annual school censuses (SLASC),4,0,0,0,0
,,,,School preference and admission appeals data collection,4,0,0,0,0
,,,,Key stage 1 and 2 assessments data collection,4,0,0,0,0
,,,,Parental responsibility measures attendance censuses,4,0,0,0,0
,,,,School capacity surveys,4,0,0,0,0
,,,,Alternative provision censuses,4,0,0,0,0
,,,,Special educational needs surveys,4,0,0,0,0
,,,,Phonics screening checks,4,0,0,0,0
,,,,General hospital school censuses,4,0,0,0,0
,,,,School exclusion reviews,4,0,0,0,0
,,,,School workforce censuses,4,0,0,0,0
,,,School buildings and land,3,0,0,-1.0,0
,,,,School places,4,0,0,0,0
,,,,School buildings and land transactions,4,0,0,0,0
,,,,School buildings and land guidelines,4,0,0,0,0
,,,School planning,3,0,0,0,0
,,,School governance,3,0,0,0,0
,,,"School food, accommodation, transport and uniform",3,0,0,0,0
,,,Setting up or changing the status of a school,3,0,0,-1.0,0
,,,,Set up or convert to an academy,4,0,0,0,0
,,,,Set up and develop a multi-academy trust (MAT),4,0,0,0,0
,,,,Set up a free school,4,0,0,0,0
,,,School complaints and whistleblowing,3,0,0,0,0
,,,School trips and extracurricular activity,3,0,0,0,0
,,,School admissions,3,0,0,0,0
,,,Careers guidance in schools,3,0,0,0,0
,,,Recruiting and managing non-teaching school staff,3,0,0,0,0
,,School and academy financial management and assurance,2,0,0,-1.0,0
,,,"Financial management, reporting and assurances for 16 to 19 year olds funding",3,0,0,0,0
,,,School procurement,3,0,0,0,0
,,,Academy and academy trust finance and reporting,3,0,0,0,0
,,,Local authority schools financial reporting and assurance,3,0,0,0,0
,,Funding and finance for students,2,0,0,-1.0,0
,,,"Student grants, bursaries and scholarships",3,0,0,0,0
,,,Financial help for students who are parents or carers,3,0,0,0,0
,,,Student loans,3,0,0,0,0
,,School curriculum,2,0,0,-1.6666666666666665,0
,,,"Primary curriculum, key stage 2",3,0,0,-1.0,0
,,,,Programmes of study (key stage 2),4,0,0,0,0
,,,,Science (key stage 2),4,0,0,0,0
,,,,English (key stage 2),4,0,0,0,0
,,,,Maths (key stage 2),4,0,0,0,0
,,,,Tests and assessments (key stage 2),4,0,0,0,0
,,,"Spiritual, moral, social and cultural development",3,0,0,0,0
,,,Early years curriculum,3,0,0,0,0
,,,"Secondary curriculum, key stage 3 and key stage 4 (GCSEs)",3,0,0,-1.0,0
,,,,GCSE changes and reforms,4,0,0,0,0
,,,,"Key stage 3 and 4 exam marking, qualifications and results",4,0,0,0,0
,,,,GCSE subject content and requirements,4,0,0,0,0
,,,"Primary curriculum, key stage 1",3,0,0,-1.0,0
,,,,Programmes of study (key stage 1),4,0,0,0,0
,,,,Science (key stage 1),4,0,0,0,0
,,,,Maths (key stage 1),4,0,0,0,0
,,,,Tests and assessments (key stage 1),4,0,0,0,0
,,,,Phonics,4,0,0,0,0
,,,Exam regulation and administration,3,0,0,0,0
,,,"Personal, social, health and economic education",3,0,0,0,0
,,,Key stage 5 (AS and A Levels),3,0,0,-1.0,0
,,,,AS and A level subject content and requirements,4,0,0,0,0
,,,,AS and A level changes and reforms,4,0,0,0,0
,,,,"Key stage 5 exam marking, qualifications and results",4,0,0,0,0
,,Special educational needs and disability (SEND) and high needs,2,0,0,-1.0,0
,,,Funding for special educational needs and disability (SEND),3,0,0,0,0
,,,Support for special educational needs and disability (SEND) ,3,0,0,0,0
,,,Funding for high needs,3,0,0,0,0
,,School and academy funding,2,0,0,-1.5333333333333332,0
,,,Funding for different types of schools and settings,3,0,0,-1.0,0
,,,,Special schools funding,4,0,0,0,0
,,,,Alternative provision funding,4,0,0,0,0
,,,,Local authority schools funding,4,0,0,0,0
,,,,Funding for 16 to 19 year olds in schools,4,0,0,0,0
,,,,Academy funding,4,0,0,0,0
,,,,Early years funding,4,0,0,0,0
,,,Pupil premium and other school premiums ,3,0,0,0,0
,,,Free school meals (FSM) funding ,3,0,0,0,0
,,,Funding for school buildings and land,3,0,0,0,0
,,,Schools forums,3,0,0,0,0
,,,Initial Teacher Training funding,3,0,0,-1.0,0
,,,,School Direct funding,4,0,0,0,0
,,,,Subject Knowledge Enhancement (SKE) funding,4,0,0,0,0
,,,Funding for school places,3,0,0,0,0
,"Parenting, childcare and children's services ",1,0,0,-2.3225806451612905,0
,,"Divorce, separation and legal issues",2,0,0,-1.0,0
,,,Disagreements about parentage,3,0,0,0,0
,,,Child maintenance,3,0,0,0,0
,,,Child custody,3,0,0,0,0
,,Childcare and early years,2,0,0,-1.6666666666666665,0
,,,Local authorities and early years,3,0,0,0,0
,,,Providing childcare,3,0,0,-1.0,0
,,,,Recruiting and managing early years staff,4,0,0,0,0
,,,,Performance and inspection of childcare providers,4,0,0,0,0
,,,,Funding and finance for childcare providers,4,0,0,0,0
,,,,Early years curriculum (0 to 5),4,0,0,0,0
,,,,"Children's centres, childminders, pre-schools and nurseries",4,0,0,0,0
,,,,Becoming a childcare provider,4,0,0,0,0
,,,Finding childcare,3,0,0,0,0
,,,Data collection for early years and childcare,3,0,0,-1.0,0
,,,,Early years census,4,0,0,0,0
,,,,Early years foundation stage profile return,4,0,0,0,0
,,Financial help if you have children,2,0,0,-1.0,0
,,,Child benefit,3,0,0,0,0
,,,Financial help if you have a disabled child,3,0,0,0,0
,,,Tax credits if you have children,3,0,0,0,0
,,,Savings accounts for children,3,0,0,0,0
,,,Financial support for childcare,3,0,0,0,0
,,,Financial help when having a baby,3,0,0,0,0
,,,Financial help if you're a student with children,3,0,0,0,0
,,"Adoption, fostering and surrogacy",2,0,0,-1.0,0
,,,Intercountry adoption,3,0,0,0,0
,,,Adoption,3,0,0,0,0
,,,Surrogacy,3,0,0,0,0
,,,Special guardianship,3,0,0,0,0
,,,Fostering,3,0,0,0,0
,,Children's health and welfare,2,0,0,-1.0,0
,,,Support for children with special educational needs and disabilities (SEND),3,0,0,0,0
,,,Mental health of children and young people,3,0,0,0,0
,,,Help for children with a long-term illness or disability,3,0,0,0,0
,,,Children's rights,3,0,0,0,0
,,,Child poverty,3,0,0,0,0
,,Youth employment and social issues,2,0,0,0,0
,,Pregnancy and birth,2,0,0,-1.0,0
,,,Working and time off when you're having a baby,3,0,0,0,0
,,,Register the birth of a child,3,0,0,0,0
,,Safeguarding and social care for children,2,0,0,-2.0,0
,,,Child and family social work,3,0,0,0,0
,,,Safeguarding and child protection,3,0,0,-1.0,0
,,,,Data collection for safeguarding and child protection,4,0,0,0,0
,,,,"Preventing neglect, abuse and exploitation",4,0,0,0,0
,,,,Serious case reviews,4,0,0,0,0
,,,,"Refugee, runaway and homeless children",4,0,0,0,0
,,,,Child abduction and cross-border child protection,4,0,0,0,0
,,,Looked-after children and children in care,3,0,0,-1.0,0
,,,,Data collection for looked-after children,4,0,0,0,0
,,,,"Health, wellbeing and education of looked-after children",4,0,0,0,0
,,,,Children's homes and other accommodation,4,0,0,0,0
,,,,Children and young people leaving care,4,0,0,0,0
,,,Children's social care providers,3,0,0,-1.5714285714285712,0
,,,,Becoming a children's social care provider,4,0,0,0,0
,,,,Social care provider complaints,4,0,0,0,0
,,,,Inspection of children's social care providers,4,0,0,-1.0,0
,,,,,Inspections of local authority children's services,5,0,0,0,0
,,,,,Inspections of fostering and adoption agencies,5,0,0,0,0
,,,,,"Incidents, concerns and feedback about children's social care providers",5,0,0,0,0
,,,,,Children's homes and other residential care inspections,5,0,0,0,0
,Corporate information,1,0,0,0,0
,Transport,1,0,0,-2.4764397905759163,0
,,Transport modelling and appraisal,2,0,0,0,0
,,Transport accessibility and mobility,2,0,0,-1.0,0
,,,Help on public transport,3,0,0,0,0
,,,Blue badges,3,0,0,0,0
,,,Mobility scooters and wheelchairs,3,0,0,0,0
,,,Taxi and private hire accessibility,3,0,0,0,0
,,Rail,2,0,0,-1.6176470588235294,0
,,,Rail accidents and serious incidents,3,0,0,0,0
,,,Rolling stock (passenger trains),3,0,0,0,0
,,,Community rail,3,0,0,0,0
,,,Rail network and the environment,3,0,0,0,0
,,,HS2,3,0,0,-1.117647058823529,0
,,,,HS2 planning,4,0,0,0,0
,,,,HS2 Phase One,4,0,0,0,0
,,,,HS2 Phase Two,4,0,0,-1.0,0
,,,,,HS2 Phase 2b,5,0,0,0,0
,,,,,HS2 Phase 2a,5,0,0,0,0
,,,,HS2 costs,4,0,0,0,0
,,,,HS2 additional provisions,4,0,0,0,0
,,,,HS2 design,4,0,0,0,0
,,,,HS2 legislation,4,0,0,0,0
,,,,HS2 stakeholder and community engagement,4,0,0,0,0
,,,,HS2 stations,4,0,0,0,0
,,,,HS2 supply chain,4,0,0,0,0
,,,,HS2 construction and engineering,4,0,0,0,0
,,,,HS2 property,4,0,0,0,0
,,,,HS2 business case,4,0,0,0,0
,,,,HS2 corporate,4,0,0,0,0
,,,,HS2 and the environment,4,0,0,0,0
,,,Rail franchising,3,0,0,-1.0,0
,,,,Rail franchise public register,4,0,0,0,0
,,,,Rail franchise procurement,4,0,0,0,0
,,,Rail passenger experience,3,0,0,0,0
,,,Rail stations,3,0,0,0,0
,,,Rail accessibility,3,0,0,0,0
,,,Rail safety and security,3,0,0,0,0
,,,Rail infrastructure,3,0,0,0,0
,,,Crossrail,3,0,0,0,0
,,,Rail ticketing and fares,3,0,0,0,0
,,,Rail interoperability,3,0,0,0,0
,,,Rail network,3,0,0,0,0
,,Transport planning,2,0,0,0,0
,,Transport security,2,0,0,0,0
,,Corporate and operational information (transport),2,0,0,0,0
,,Driving and road transport,2,0,0,-1.8870967741935485,0
,,,Road traffic,3,0,0,0,0
,,,Road transport and the environment,3,0,0,-1.0,0
,,,,Road transport emissions,4,0,0,0,0
,,,,Low emission and electric vehicles,4,0,0,0,0
,,,,Renewable fuels,4,0,0,0,0
,,,Transport businesses and vehicle operator licences,3,0,0,-1.4285714285714288,0
,,,,Driver CPC training centres,4,0,0,0,0
,,,,Employing drivers,4,0,0,0,0
,,,,Vehicle operator licences,4,0,0,-1.0,0
,,,,,HGV and goods carriage vehicle licensing,5,0,0,0,0
,,,,,Taxi and private hire vehicle licensing,5,0,0,0,0
,,,,,Public service vehicles licensing,5,0,0,0,0
,,,,Fleet management,4,0,0,0,0
,,,"Professional driving of lorries, buses and coaches",3,0,0,-1.0,0
,,,,Driver CPC training,4,0,0,0,0
,,,,Tachographs,4,0,0,0,0
,,,,EU and international driving rules,4,0,0,0,0
,,,Driving instruction and driving lessons,3,0,0,-1.0,0
,,,,Driving instructor registration and renewals,4,0,0,0,0
,,,,Professional development for driving and motorcycle instructors,4,0,0,0,0
,,,,"Driving, motorcycle and LGV instructor qualification process",4,0,0,0,0
,,,,Driving examination,4,0,0,0,0
,,,"Road safety, driving rules and penalties",3,0,0,-1.0,0
,,,,Drink and drug driving,4,0,0,0,0
,,,,Road accidents and serious accidents,4,0,0,0,0
,,,,Drivers' hours,4,0,0,0,0
,,,,Towing,4,0,0,0,0
,,,,"Penalty points, fines and driving bans",4,0,0,0,0
,,,,Speeding,4,0,0,0,0
,,,,Seat belts,4,0,0,0,0
,,,,Driving and mobile phones,4,0,0,0,0
,,,,Driving and medical conditions,4,0,0,0,0
,,,Driving licences,3,0,0,-1.0,0
,,,,Driving licence applications and renewals,4,0,0,0,0
,,,,Driving abroad,4,0,0,0,0
,,,,Driving licence categories,4,0,0,0,0
,,,,Foreign driving licences,4,0,0,0,0
,,,,Driving licences and medical conditions,4,0,0,0,0
,,,,Personal driving licence information,4,0,0,0,0
,,,Driving and motorcycle tests,3,0,0,-1.0,0
,,,,Car driving tests,4,0,0,0,0
,,,,Motorcycle and moped tests,4,0,0,0,0
,,,,"Lorry, bus, coach and specialist vehicle driving tests",4,0,0,0,0
,,,,Theory tests,4,0,0,0,0
,,,,Motorcycle training,4,0,0,0,0
,,,"Vehicle ownership, approval and standards",3,0,0,-1.1538461538461542,0
,,,,"Buying, selling, registering and scrapping a vehicle",4,0,0,0,0
,,,,PSV standards and checks,4,0,0,0,0
,,,,"Vehicle registration, log books and number plates",4,0,0,0,0
,,,,HGV standards and checks,4,0,0,0,0
,,,,Vehicle manufacturing and modification,4,0,0,0,0
,,,,Vehicle recalls,4,0,0,0,0
,,,,MOTs,4,0,0,-1.0,0
,,,,,"Car, motorcycle and van MOT tests",5,0,0,0,0
,,,,,"Lorry, bus and trailer MOT tests",5,0,0,0,0
,,,,Vehicle insurance,4,0,0,0,0
,,,,Vehicle tax,4,0,0,0,0
,,,,Vehicle import and export,4,0,0,0,0
,,,,Driver and vehicle record,4,0,0,0,0
,,,Autonomous road vehicles,3,0,0,0,0
,,,Cycling and walking,3,0,0,0,0
,,,Vans and minibuses,3,0,0,0,0
,,Freight and cargo,2,0,0,-1.3333333333333335,0
,,,Vessel cargo,3,0,0,0,0
,,,Transporting dangerous goods,3,0,0,-1.0,0
,,,,Safe transport of dangerous goods by sea,4,0,0,0,0
,,,,Safe transport of dangerous goods by road and rail,4,0,0,0,0
,,,Rail freight and cargo,3,0,0,0,0
,,,Road freight,3,0,0,0,0
,,Road infrastructure,2,0,0,-1.4761904761904763,0
,,,Road tolls and charges,3,0,0,0,0
,,,Road improvement and investment,3,0,0,-1.0,0
,,,,Road resurfacing,4,0,0,0,0
,,,,Making roads safer,4,0,0,0,0
,,,,Motorways,4,0,0,0,0
,,,,Local roads,4,0,0,0,0
,,,,Major roads,4,0,0,0,0
,,,Road works and street works,3,0,0,-1.0,0
,,,,Property affected by roadworks and street works,4,0,0,0,0
,,,,Overnight works,4,0,0,0,0
,,,,Road closures,4,0,0,0,0
,,,,Planned roadworks,4,0,0,0,0
,,,,Weekend closures,4,0,0,0,0
,,,Speed limits and traffic cameras,3,0,0,0,0
,,,"Traffic signs, signals and markings",3,0,0,0,0
,,,Parking,3,0,0,0,0
,,,Smart motorways,3,0,0,0,0
,,,Advice for drivers,3,0,0,0,0
,,,Roads and the environment,3,0,0,0,0
,,,Animals on roads,3,0,0,0,0
,,,Road maintenance,3,0,0,0,0
,,Careers in transport,2,0,0,0,0
,,Maritime and shipping,2,0,0,-1.3333333333333335,0
,,,Maritime accidents and serious incidents,3,0,0,0,0
,,,Vessel registration and design,3,0,0,-1.0,0
,,,,Ship equipment,4,0,0,0,0
,,,,Vessel registration,4,0,0,0,0
,,,,Vessel design,4,0,0,0,0
,,,"Ports, harbours and offshore installations",3,0,0,0,0
,,,Maritime safety,3,0,0,-1.0,0
,,,,Life saving appliances (LSA),4,0,0,0,0
,,,,Safe and compliant operation of vessels,4,0,0,0,0
,,,Maritime and the environment,3,0,0,0,0
,,,Maritime navigation,3,0,0,0,0
,,,Coastguard search and rescue,3,0,0,0,0
,,,Wrecks,3,0,0,0,0
,,,"Seafarer management, training and certification",3,0,0,-1.0,0
,,,,Ship crew health and safety,4,0,0,0,0
,,,,Ship crew training and certification,4,0,0,0,0
,,,,Employment of seafarers,4,0,0,0,0
,,,Maritime enforcement and prosecution,3,0,0,0,0
,,,Fishing,3,0,0,0,0
,,,Vessel surveys and inspection,3,0,0,0,0
,,,Maritime security,3,0,0,0,0
,,,Waterways (maritime),3,0,0,0,0
,,,Maritime passenger rights,3,0,0,0,0
,,,UK sea passengers,3,0,0,0,0
,,Aviation,2,0,0,-1.1333333333333333,0
,,,Air accidents and serious incidents,3,0,0,0,0
,,,General aviation,3,0,0,0,0
,,,Air navigation,3,0,0,0,0
,,,Airport capacity and expansion,3,0,0,0,0
,,,Aviation safety and security,3,0,0,0,0
,,,Aviation and the environment,3,0,0,0,0
,,,New aviation technology,3,0,0,-1.0,0
,,,,Spaceflight,4,0,0,0,0
,,,,Drones,4,0,0,0,0
,,,Night flights,3,0,0,0,0
,,,Aviation passenger experience,3,0,0,0,0
,,,Surface access to airports,3,0,0,0,0
,,,Aviation and Europe,3,0,0,0,0
,,,Air routes,3,0,0,0,0
,,,Air passenger duty,3,0,0,0,0
,,Local transport,2,0,0,-1.5,0
,,,Tube,3,0,0,0,0
,,,Local transport funding,3,0,0,0,0
,,,Buses,3,0,0,-1.0,0
,,,,"Bus services, routes and timetables",4,0,0,0,0
,,,,Bus accessibility,4,0,0,0,0
,,,,Bus passenger experience,4,0,0,0,0
,,,,Improvements to buses,4,0,0,0,0
,,,,Bus operators,4,0,0,0,0
,,,,Buses and the environment,4,0,0,0,0
,,,Inland waterways,3,0,0,0,0
,,,Light rail and trams,3,0,0,0,0
,,,Travel passes and concessions,3,0,0,0,0
,Environment,1,0,0,-2.4507042253521125,0
,,Environmental permits,2,0,0,0,0
,,Water industry,2,0,0,-1.0,0
,,,Water and sewerage services,3,0,0,0,0
,,,Drought and water availability,3,0,0,0,0
,,,Water quality,3,0,0,0,0
,,,Impound (store) water,3,0,0,0,0
,,,Discharge water,3,0,0,0,0
,,,Abstract (take) water,3,0,0,0,0
,,Climate change and energy,2,0,0,-1.0,0
,,,Hydropower,3,0,0,0,0
,,,Climate change adaptation,3,0,0,0,0
,,,Climate change international action,3,0,0,0,0
,,,Greenhouse gas emissions,3,0,0,0,0
,,,Energy and climate change: evidence and analysis,3,0,0,0,0
,,,Low carbon technologies,3,0,0,0,0
,,,Energy security,3,0,0,0,0
,,,Energy infrastructure,3,0,0,0,0
,,,Energy efficiency,3,0,0,0,0
,,,Emissions and emissions trading,3,0,0,0,0
,,Rural and countryside,2,0,0,-1.7333333333333334,0
,,,Rural development and land management,3,0,0,-1.0,0
,,,,Rural economy and community,4,0,0,0,0
,,,,Economic growth in rural areas,4,0,0,0,0
,,,,Contaminated land,4,0,0,0,0
,,,,"Weeds and invasive, non-native plants",4,0,0,0,0
,,,,Pollution,4,0,0,0,0
,,,,Protected sites,4,0,0,0,0
,,,,Farming,4,0,0,0,0
,,,,Hedgerows,4,0,0,0,0
,,,,Commons and greens,4,0,0,0,0
,,,Forests and woodland,3,0,0,0,0
,,,Countryside,3,0,0,-1.0,0
,,,,"Parks, trails and nature reserves",4,0,0,0,0
,,,,Access to the countryside,4,0,0,0,0
,,,Boats and waterways,3,0,0,0,0
,,Pollution and environmental quality,2,0,0,0,0
,,"River maintenance, flooding and coastal erosion",2,0,0,0,0
,,"Wildlife, animals, biodiversity and ecosystems",2,0,0,-1.5625,0
,,,Animal welfare,3,0,0,0,0
,,,Pets,3,0,0,0,0
,,,Wildlife and habitat conservation,3,0,0,-1.0,0
,,,,Plants,4,0,0,0,0
,,,,Reptiles and amphibians,4,0,0,0,0
,,,,Mammals,4,0,0,0,0
,,,,Fish and shellfish,4,0,0,0,0
,,,,Invertebrates,4,0,0,0,0
,,,,Birds,4,0,0,0,0
,,,Protected sites and species,3,0,0,-1.0,0
,,,,Land species,4,0,0,0,0
,,,,Land sites,4,0,0,0,0
,,,,Marine sites and species,4,0,0,0,0
,,,Animal and plant health,3,0,0,0,0
,,,Wildlife and animal welfare,3,0,0,0,0
,,,Biodiversity and ecosystems,3,0,0,0,0
,,"Commercial fishing, fisheries and vessels",2,0,0,-1.6666666666666665,0
,,,Marine fisheries,3,0,0,0,0
,,,Freshwater fisheries,3,0,0,0,0
,,,Fisheries funding,3,0,0,0,0
,,,Fishing vessels,3,0,0,-1.0,0
,,,,Vessel licensing and lists,4,0,0,0,0
,,,,Vessel monitoring systems,4,0,0,0,0
,,,,Vessel surveys and inspections,4,0,0,0,0
,,,,Vessel licensing,4,0,0,0,0
,,,,Vessel and crew safety and certification,4,0,0,0,0
,,,"Fishing regulations, monitoring and enforcement",3,0,0,-1.0,0
,,,,Fishing quota and catch limits ,4,0,0,0,0
,,,,Sales notes and electronic recording systems,4,0,0,0,0
,,,,Fisheries statistics,4,0,0,0,0
,,,,First sale marine fish,4,0,0,0,0
,,,,Catch Quota Trials,4,0,0,0,0
,,"Oil, gas and coal",2,0,0,-1.5238095238095237,0
,,,Coal,3,0,0,-1.0,0
,,,,Property and development,4,0,0,0,0
,,,,Mining reports and data,4,0,0,0,0
,,,,Mining permits and licences,4,0,0,0,0
,,,,Mine water management,4,0,0,0,0
,,,Chemicals,3,0,0,-1.0,0
,,,,Mercury,4,0,0,0,0
,,,,F-gases and HCFCs,4,0,0,0,0
,,,,Contaminated land,4,0,0,0,0
,,,,Polychlorinated biphenyl (PCBs),4,0,0,0,0
,,,,REACH regulations,4,0,0,0,0
,,,Oil spills,3,0,0,0,0
,,,Onshore oil and gas,3,0,0,0,0
,,,Oil and gas licensing,3,0,0,0,0
,,,Oil and gas finance and taxation,3,0,0,-1.0,0
,,,,Tax and profits,4,0,0,0,0
,,,,Market values,4,0,0,0,0
,,,Infrastructure and decommissioning,3,0,0,0,0
,,,Fields and wells,3,0,0,0,0
,,,Exploration and production,3,0,0,0,0
,,,Carbon capture and storage,3,0,0,0,0
,,Waste and recycling,2,0,0,-1.0,0
,,,Radioactive and nuclear substances and waste,3,0,0,0,0
,,,Waste and environmental impact,3,0,0,0,0
,,,Waste management,3,0,0,0,0
,,Food and farming,2,0,0,-2.0294117647058822,0
,,,Farming and food grants and payments,3,0,0,-1.5454545454545459,0
,,,,State aid,4,0,0,0,0
,,,,School milk scheme,4,0,0,0,0
,,,,Rural grants and payments,4,0,0,-1.0,0
,,,,,Countryside stewardship,5,0,0,0,0
,,,,,Cross-compliance,5,0,0,0,0
,,,,,Common Agricultural Policy (CAP) reform,5,0,0,0,0
,,,,,Rural development,5,0,0,0,0
,,,,,Online applications and payments,5,0,0,0,0
,,,,,Basic Payment Scheme (BPS),5,0,0,0,0
,,,,Private storage aid,4,0,0,0,0
,,,,Intervention schemes,4,0,0,0,0
,,,Producing and distributing food,3,0,0,-1.0,0
,,,,Sugar,4,0,0,0,0
,,,,Meat production,4,0,0,0,0
,,,,"Import, export and distribution of food",4,0,0,0,0
,,,,Dairy and milk production,4,0,0,0,0
,,,,Food labelling and safety,4,0,0,0,0
,,,,Egg production and marketing,4,0,0,0,0
,,,,Crops and horticulture ,4,0,0,0,0
,,,Keeping farmed animals,3,0,0,-1.0,0
,,,,Bovine tuberculosis (bovine TB),4,0,0,0,0
,,,,"Cattle identification, registration and movements",4,0,0,0,0
,,,,Reporting disease and disease outbreaks,4,0,0,0,0
,,,,Veterinary medicines,4,0,0,0,0
,,,,"Sheep and goats identification, registration and movements",4,0,0,0,0
,,,,"Shows, fairs and markets",4,0,0,0,0
,,,,Poultry registration,4,0,0,0,0
,,,,"Pig identification, registration and movements",4,0,0,0,0
,,,,Import and export of farmed animals,4,0,0,0,0
,,,,Deer farming,4,0,0,0,0
,,,,Cattle deaths,4,0,0,0,0
,,,Common Agricultural Policy reform,3,0,0,0,0
,,,Food and farming industry,3,0,0,0,0
,,Marine,2,0,0,-1.0,0
,,,Hydrography,3,0,0,0,0
,,,Marine environment,3,0,0,0,0
,,,Marine planning,3,0,0,0,0
,,,Marine licences,3,0,0,0,0
,,,Treasure and wrecks,3,0,0,0,0
,,,Species protection and marine conservation,3,0,0,0,0
,,,Harbour orders,3,0,0,0,0
,,,Marine protection and wildlife,3,0,0,0,0
,,,Harbours,3,0,0,0,0
,,,Sea fishing,3,0,0,0,0
,Welfare,1,0,0,-1.1538461538461537,0
,,Child Benefit,2,0,0,-1.0,0
,,,High Income Tax Charge,3,0,0,0,0
,,,Support for families,3,0,0,0,0
,,Carers and disability benefits,2,0,0,0,0
,,Child maintenance reform,2,0,0,0,0
,,Death and benefits,2,0,0,0,0
,,Benefits for families,2,0,0,0,0
,,Heating and housing benefits,2,0,0,0,0
,,Tax credits,2,0,0,0,0
,,Benefits entitlement,2,0,0,0,0
,,Jobseeker's Allowance and low income benefits,2,0,0,0,0
,,Universal Credit,2,0,0,0,0
,,Welfare reform,2,0,0,0,0
,"Housing, local and community",1,0,0,-2.1333333333333333,0
,,Land registration,2,0,0,-1.6666666666666665,0
,,,Land Registration Data ,3,0,0,0,0
,,,"Land registration searches, fees and forms",3,0,0,0,0
,,,Business and mortgage services,3,0,0,-1.0,0
,,,,Property portfolio management ,4,0,0,0,0
,,,,Risk management,4,0,0,0,0
,,,,Spatial data,4,0,0,0,0
,,,,Mortgage services,4,0,0,0,0
,,,,Ownership verification ,4,0,0,0,0
,,,,Conveyancing services ,4,0,0,0,0
,,Housing,2,0,0,-1.0,0
,,,"Neighbours, noise and pests",3,0,0,0,0
,,,Housing funding programmes,3,0,0,0,0
,,,Housing regulation,3,0,0,0,0
,,,"Recycling, rubbish, streets and roads",3,0,0,0,0
,,,Tenancies and leases,3,0,0,0,0
,,,Freehold and leasehold property,3,0,0,0,0
,,,Homebuying,3,0,0,0,0
,,,Rented housing sector,3,0,0,0,0
,,,Housing for older and vulnerable people,3,0,0,0,0
,,,"Repossessions, emergency housing and evictions",3,0,0,0,0
,,,Planning permission and building regulations,3,0,0,0,0
,,,Owning and renting a property,3,0,0,0,0
,,,Being a landlord and renting out a room,3,0,0,0,0
,,,Council housing and housing association,3,0,0,0,0
,,,Safety and the environment in your community,3,0,0,0,0
,,Planning and building,2,0,0,-1.2352941176470589,0
,,,Party walls,3,0,0,0,0
,,,Energy efficiency in buildings,3,0,0,0,0
,,,Landscape,3,0,0,0,0
,,,Environmental planning,3,0,0,0,0
,,,Housing design and sustainability,3,0,0,0,0
,,,Land and development opportunities,3,0,0,0,0
,,,Local Plans,3,0,0,0,0
,,,Building regulations,3,0,0,-1.0,0
,,,,European legislation,4,0,0,0,0
,,,,Compliance,4,0,0,0,0
,,,,Doing building work,4,0,0,0,0
,,,Planning permission and appeals,3,0,0,-1.0,0
,,,,Make an appeal,4,0,0,0,0
,,,Planning reform,3,0,0,0,0
,,,Building regulation,3,0,0,0,0
,,,House building,3,0,0,0,0
,,,Planning system,3,0,0,0,0
,,Household energy,2,0,0,0,0
,Life circumstances,1,0,0,-1.5,0
,,"Having a child, parenting and adoption",2,0,0,0,0
,,"Certificates, register offices, changes of name or gender",2,0,0,0,0
,,"Lasting power of attorney, being in care and your financial affairs",2,0,0,0,0
,,"Marriage, civil partnership and divorce",2,0,0,-1.0,0
,,,Child maintenance,3,0,0,0,0
,,,Help and support if you have children,3,0,0,0,0
,,,Getting separated or divorced,3,0,0,0,0
,,,Getting married ,3,0,0,0,0
,,Death and bereavement,2,0,0,-1.0,0
,,,Death registration disclosure,3,0,0,0,0
,International,1,0,0,-1.7200000000000002,0
,,Foreign affairs,2,0,0,-1.0,0
,,,Afghanistan,3,0,0,0,0
,,,Conflict in fragile states,3,0,0,0,0
,,,UK Overseas Territories,3,0,0,0,0
,,,Iran's nuclear programme,3,0,0,0,0
,,,Piracy off the coast of Somalia,3,0,0,0,0
,,,Falkland Islanders' right to self-determination,3,0,0,0,0
,,,Peace and stability in the Middle East and North Africa,3,0,0,0,0
,,International aid and development,2,0,0,-1.0,0
,,,Women and girls in developing countries,3,0,0,0,0
,,,Health in developing countries,3,0,0,0,0
,,,Governance in developing countries,3,0,0,0,0
,,,Overseas aid transparency,3,0,0,0,0
,,,Overseas aid effectiveness,3,0,0,0,0
,,,Climate change impact in developing countries,3,0,0,0,0
,,,Economic growth in developing countries,3,0,0,0,0
,,,Hunger and malnutrition in developing countries,3,0,0,0,0
,,,Education in developing countries,3,0,0,0,0
,,,Humanitarian emergencies,3,0,0,0,0
,,,Water and sanitation in developing countries,3,0,0,0,0
,,Human rights internationally,2,0,0,0,0
,,"UK prosperity and security: Asia, Latin America and Africa",2,0,0,0,0
,,Anti-corruption,2,0,0,0,0
,,The Commonwealth,2,0,0,0,0
,,Sexual violence in conflict,2,0,0,0,0
,Health and social care,1,0,0,-2.056338028169014,0
,,Social care,2,0,0,-1.0,0
,,,Health and social care integration,3,0,0,0,0
,,,Research and innovation in health and social care,3,0,0,0,0
,,End of life care,2,0,0,0,0
,,Carers' health,2,0,0,0,0
,,Disabled people,2,0,0,-1.0,0
,,,Disability equipment and transport,3,0,0,0,0
,,,Disability rights,3,0,0,0,0
,,,Benefits and financial help,3,0,0,0,0
,,,Carers,3,0,0,0,0
,,Health protection,2,0,0,-1.1538461538461537,0
,,,Antimicrobial resistance (AMR),3,0,0,0,0
,,,Radiation protection,3,0,0,0,0
,,,Health emergency planning,3,0,0,0,0
,,,Chemical and environmental hazards,3,0,0,0,0
,,,"Research, testing and standards",3,0,0,0,0
,,,Health surveillance and reporting programmes,3,0,0,0,0
,,,Laboratories and reference facilities,3,0,0,0,0
,,,Migrant health guide,3,0,0,-1.0,0
,,,,Assessing patients,4,0,0,0,0
,,,,Migrants and the NHS,4,0,0,0,0
,,,Infectious diseases,3,0,0,0,0
,,,Immunisation,3,0,0,0,0
,,,Emergency response,3,0,0,0,0
,,Population screening programmes,2,0,0,-1.0,0
,,,Quality assurance in population screening,3,0,0,0,0
,,,NHS newborn hearing screening programme (NHSP),3,0,0,0,0
,,,NHS sickle cell and thalassaemia (SCT) screening programme,3,0,0,0,0
,,,NHS newborn blood spot (NBS) screening programme,3,0,0,0,0
,,,NHS newborn and infant physical examination (NIPE) screening programme,3,0,0,0,0
,,,NHS infectious diseases in pregnancy screening (IDPS) programme,3,0,0,0,0
,,,NHS diabetic eye screening (DES) programme,3,0,0,0,0
,,,NHS cervical screening (CSP) programme ,3,0,0,0,0
,,,NHS fetal anomaly screening programme (FASP),3,0,0,0,0
,,,NHS breast screening (BSP) programme ,3,0,0,0,0
,,,NHS bowel cancer screening (BCSP) programme,3,0,0,0,0
,,,NHS abdominal aortic aneurysm (AAA) programme,3,0,0,0,0
,,"Medicines, medical devices and blood regulation and safety",2,0,0,-1.1,0
,,,Clinical trials and investigations,3,0,0,0,0
,,,Medical devices regulation and safety,3,0,0,0,0
,,,Conferences and events,3,0,0,0,0
,,,"Vigilance, safety alerts and guidance",3,0,0,-1.0,0
,,,,Alerts and recalls,4,0,0,0,0
,,,Herbal and homeopathic medicines,3,0,0,0,0
,,,"Manufacturing, wholesaling, importing and exporting medicines",3,0,0,0,0
,,,Blood regulation and safety,3,0,0,0,0
,,,"Marketing authorisations, variations and licensing guidance",3,0,0,0,0
,,,"Good practice, inspections and enforcement",3,0,0,0,0
,,National Health Service,2,0,0,-1.0,0
,,,Children's health,3,0,0,0,0
,,,Compassionate care in the NHS,3,0,0,0,0
,,,NHS efficiency,3,0,0,0,0
,,,Patient safety,3,0,0,0,0
,,Public health,2,0,0,-1.5882352941176472,0
,,,Abortion,3,0,0,0,0
,,,Mental health,3,0,0,-1.0,0
,,,,Mental health service reform,4,0,0,0,0
,,,Health conditions,3,0,0,-1.0,0
,,,,Long term health conditions,4,0,0,0,0
,,,,Dementia,4,0,0,0,0
,,,,Autism,4,0,0,0,0
,,,Dentistry ,3,0,0,0,0
,,,Ophthalmology,3,0,0,0,0
,,,Technology in health and social care,3,0,0,0,0
,,,Health improvement,3,0,0,-1.0,0
,,,,Obesity,4,0,0,0,0
,,,,Healthy eating,4,0,0,0,0
,,,,Cancer research and treatment,4,0,0,0,0
,,,,Drug misuse and dependency,4,0,0,0,0
,,,,Harmful drinking,4,0,0,0,0
,,,,Smoking,4,0,0,0,0
,Defence and armed forces,1,0,0,-1.423076923076923,0
,,UK nuclear deterrent,2,0,0,0,0
,,Weapons proliferation,2,0,0,0,0
,,Armed forces support for activities in the UK,2,0,0,0,0
,,Armed forces,2,0,0,0,0
,,Support services for veterans and their families,2,0,0,0,0
,,Support services for military and defence personnel and their families,2,0,0,-1.0,0
,,,Pensions and compensation,3,0,0,0,0
,,,Housing and accommodation,3,0,0,0,0
,,,British Forces Post Office,3,0,0,0,0
,,Military awards and commemorations,2,0,0,-1.0,0
,,,Veterans,3,0,0,0,0
,,,Medals,3,0,0,0,0
,,,Honours and awards,3,0,0,0,0
,,Ministry of Defence estate,2,0,0,-1.0,0
,,,Sale of land,3,0,0,0,0
,,,Public access,3,0,0,0,0
,,,Military crash sites,3,0,0,0,0
,,,Film locations,3,0,0,0,0
,,,Art collection,3,0,0,0,0
,,"Military recruitment, training and operations",2,0,0,0,0
,,"Military equipment, logistics and technology",2,0,0,0,0
,,International defence commitments,2,0,0,0,0
,,Stability in the Western Balkans,2,0,0,0,0
,,Armed forces and Ministry of Defence reform,2,0,0,0,0
,,Armed Forces Covenant,2,0,0,0,0
,,Nuclear disarmament,2,0,0,0,0
,"Crime, justice and law",1,0,0,-1.2999999999999998,0
,,Young people and the law,2,0,0,0,0
,,Statutory rights,2,0,0,0,0
,,Your rights and the law,2,0,0,0,0
,,Crime prevention,2,0,0,0,0
,,Prisons and probation,2,0,0,-1.0,0
,,,Prisons healthcare,3,0,0,0,0
,,,MAPPA,3,0,0,0,0
,,Legal aid,2,0,0,-1.0,0
,,,Civil and crime contracts,3,0,0,0,0
,,,Tenders,3,0,0,0,0
,,,Payments and processing,3,0,0,0,0
,,,Electronic working,3,0,0,0,0
,,,High cost and complex cases,3,0,0,0,0
,,,Crime,3,0,0,0,0
,,Reporting crimes and getting compensation,2,0,0,0,0
,,"Courts, sentencing and tribunals",2,0,0,0,0
,,Counter-terrorism,2,0,0,0,0
,,Policing,2,0,0,0,0
,,"Knife, gun and gang crime",2,0,0,0,0
,,Reoffending and rehabilitation,2,0,0,0,0
,,Legal aid reform,2,0,0,0,0
,,Attorney General guidance to the legal profession,2,0,0,0,0
,,Forced marriage,2,0,0,0,0
,,Domestic violence,2,0,0,0,0
,,Law and practice,2,0,0,-1.0,0
,,,Copyright,3,0,0,0,0
,,,Designs,3,0,0,0,0
,,,Patents,3,0,0,0,0
,,,Trade marks,3,0,0,0,0
,,Family justice system,2,0,0,0,0
,,Justice system transparency,2,0,0,0,0
,,Violence against women and girls,2,0,0,0,0
,,Criminal justice reform,2,0,0,0,0
,,Civil justice reform,2,0,0,0,0
,,Criminal record disclosure,2,0,0,0,0
,,Victims of crime,2,0,0,0,0
,,Sentencing reform,2,0,0,0,0
,,Administrative justice reform,2,0,0,0,0
,,Byelaws,2,0,0,0,0
,,Data protection,2,0,0,0,0
,Regional and local government,1,0,0,-1.9666666666666668,0
,,Devolution,2,0,0,0,0
,,Local government,2,0,0,-1.5,0
,,,Local government pensions,3,0,0,0,0
,,,Local government finance and capital assets,3,0,0,0,0
,,,Local Housing Allowance,3,0,0,0,0
,,,Data collection and reporting,3,0,0,0,0
,,,Council Tax,3,0,0,-1.0,0
,,,,Council Tax reform,4,0,0,0,0
,,,,Appeals and reductions,4,0,0,0,0
,,,,Renting,4,0,0,0,0
,,,,Council Tax bands,4,0,0,0,0
,,,Councils and elections,3,0,0,0,0
,,,Business rates,3,0,0,-1.0,0
,,,,"Relief, refunds and rebates",4,0,0,0,0
,,,,Your rateable value,4,0,0,0,0
,,,,Submit your rent or lease details,4,0,0,0,0
,,Wales,2,0,0,-1.0,0
,,,Economic growth in Wales,3,0,0,0,0
,,,Welsh devolution,3,0,0,0,0
,,Local government spending,2,0,0,0,0
,,Northern Ireland,2,0,0,-1.0,0
,,,Northern Ireland security,3,0,0,0,0
,,,Northern Ireland economy,3,0,0,0,0
,,,Northern Ireland political stability,3,0,0,0,0
,,,Northern Ireland community relations,3,0,0,0,0
,,Localism,2,0,0,0,0
,,Scotland,2,0,0,-1.0,0
,,,Scottish constitution,3,0,0,0,0
,,,Scottish devolution,3,0,0,0,0
,,Local councils and services,2,0,0,0,0
,Society and culture,1,0,0,-1.576923076923077,0
,,"Charities, volunteering and honours",2,0,0,0,0
,,British citizenship ,2,0,0,0,0
,,Community and society,2,0,0,-1.0,0
,,,Community integration,3,0,0,0,0
,,,National Lottery funding,3,0,0,0,0
,,,Social investment,3,0,0,0,0
,,,Social action,3,0,0,0,0
,,Arts and culture,2,0,0,-1.0,0
,,,Museums and galleries,3,0,0,0,0
,,,Library services,3,0,0,0,0
,,,Conservation of historic buildings and monuments,3,0,0,0,0
,,Sports and leisure,2,0,0,-1.0,0
,,,2012 Olympic and Paralympic legacy,3,0,0,0,0
,,,Recreation,3,0,0,0,0
,,,Community amateur sports clubs (CASCs),3,0,0,0,0
,,,Elite sports performance,3,0,0,0,0
,,,Sports participation,3,0,0,0,0
,,National events and ceremonies,2,0,0,0,0
,,"Equality, rights and citizenship",2,0,0,-1.0,0
,,,Equality,3,0,0,0,0
,,,Poverty and social justice,3,0,0,0,0
,,,Social mobility,3,0,0,0,0
,,Loneliness,2,0,0,0,0
,,Tourism,2,0,0,0,0
,,Digital inclusion and accessibility,2,0,0,0,0
,,Young people,2,0,0,0,0
,Government,1,0,0,-2.328767123287671,0
,,Public sector land use,2,0,0,0,0
,,Brexit,2,0,0,-1.0,0
,,,Brexit guidance for UK citizens,3,0,0,0,0
,,National security,2,0,0,0,0
,,"Government efficiency, transparency and accountability",2,0,0,-1.25,0
,,,Government spending,3,0,0,-1.0,0
,,,,Government funding programmes,4,0,0,0,0
,,,Major project management,3,0,0,0,0
,,,Deficit reduction,3,0,0,0,0
,,"Emergency preparation, response and recovery",2,0,0,-1.0,0
,,,Fire prevention and rescue,3,0,0,0,0
,,Public services,2,0,0,0,0
,,Government technology and digital services,2,0,0,-1.7446808510638299,0
,,,GOV.UK services,3,0,0,-1.0,0
,,,,GOV.UK Pay,4,0,0,0,0
,,,,GOV.UK Verify,4,0,0,0,0
,,,,GOV.UK Platform as a Service (PaaS),4,0,0,0,0
,,,,GOV.UK Proposition,4,0,0,0,0
,,,,GOV.UK Notify,4,0,0,0,0
,,,,GovWifi,4,0,0,0,0
,,,,Performance platform,4,0,0,0,0
,,,,GOV.UK Registers,4,0,0,0,0
,,,Networks and telecommunications,3,0,0,-1.0,0
,,,,Telecommunications,4,0,0,0,0
,,,,Networking,4,0,0,0,0
,,,Open source and open standards,3,0,0,-1.0,0
,,,,Open standards,4,0,0,0,0
,,,,Open source,4,0,0,0,0
,,,Digital security,3,0,0,-1.0,0
,,,,Cloud security,4,0,0,0,0
,,,,Digital service security,4,0,0,0,0
,,,,End user devices,4,0,0,0,0
,,,,Identity assurance,4,0,0,0,0
,,,,Passwords,4,0,0,0,0
,,,,Phishing ,4,0,0,0,0
,,,,Email,4,0,0,0,0
,,,,Risk management,4,0,0,0,0
,,,APIs and app development,3,0,0,-1.0,0
,,,,Application development,4,0,0,0,0
,,,,APIs,4,0,0,0,0
,,,Design and build of government services,3,0,0,-1.0,0
,,,,Government content and publishing,4,0,0,0,0
,,,,Design principles,4,0,0,0,0
,,,,Digital Service Standard,4,0,0,0,0
,,,Data,3,0,0,-1.0,0
,,,,Data usage,4,0,0,0,0
,,,,Data provisioning,4,0,0,0,0
,,,User research,3,0,0,0,0
,,,Public Service Network (PSN),3,0,0,0,0
,,,Managing government websites,3,0,0,-1.0,0
,,,,Hosting your service,4,0,0,0,0
,,,Digital transformation,3,0,0,-1.0,0
,,,,Green technology,4,0,0,0,0
,,,,Legacy,4,0,0,0,0
,,,,Smarter working,4,0,0,0,0
,,,,Cloud strategy,4,0,0,0,0
,,,,Job roles and talent acquisition ,4,0,0,0,0
,,,Buying technology,3,0,0,-1.0,0
,,,,Digital outcomes and specialists framework,4,0,0,0,0
,,,,Digital Marketplace,4,0,0,0,0
,,Sustainable development,2,0,0,0,0
,,Cyber security,2,0,0,0,0
,,Europe,2,0,0,-1.0,0
,,,European Union laws and regulation,3,0,0,0,0
,,,European single market,3,0,0,0,0
,,,European funds,3,0,0,0,0
,,Democracy,2,0,0,-1.0,0
,,,Legislative process,3,0,0,0,0
,,,Constitutional affairs,3,0,0,0,0
,,,Voting,3,0,0,0,0
,,Government reform ,2,0,0,-1.0,0
,,,Civil service reform,3,0,0,0,0
,,,Postal service reform,3,0,0,0,0
,Work,1,0,0,-1.6451612903225805,0
,,Secondments with government,2,0,0,0,0
,,Government graduate schemes,2,0,0,0,0
,,Self-employment,2,0,0,-1.0,0
,,,Stopping or selling your business,3,0,0,0,0
,,,Paying HMRC,3,0,0,0,0
,,,Managing expenses,3,0,0,0,0
,,,Self Assessment,3,0,0,0,0
,,,Tax and National Insurance,3,0,0,0,0
,,Labour market reform,2,0,0,0,0
,,Health and safety reform,2,0,0,0,0
,,Work and disabled people,2,0,0,0,0
,,"Working, jobs and pensions",2,0,0,-1.0,0
,,,"Redundancies, dismissals and disciplinaries",3,0,0,0,0
,,,Contracts and working hours,3,0,0,0,0
,,,Workplace bullying and harassment,3,0,0,0,0
,,,Your rights at work and trade unions,3,0,0,0,0
,,,Workplace and personal pensions,3,0,0,0,0
,,,"Holidays, time off, sick leave, maternity and paternity leave",3,0,0,0,0
,,,"Your pay, tax and the National Minimum Wage",3,0,0,0,0
,,,Finding a job,3,0,0,0,0
,,,Recruiting and hiring,3,0,0,0,0
,,,State Pension,3,0,0,0,0
,,Payroll,2,0,0,0,0
,,Pensions and ageing society,2,0,0,-1.0,0
,,,Public service pensions,3,0,0,0,0
,,,Older people,3,0,0,0,0
,,,State Pension age,3,0,0,0,0
,,,State Pension simplification,3,0,0,0,0
,,,Automatic enrolment in workplace pensions,3,0,0,0,0
,,Trade unions,2,0,0,0,0
,,Health and safety at work,2,0,0,0,0
,Money,1,0,0,-2.678756476683938,0
,,Expenses and employee benefits,2,0,0,0,0
,,"Court claims, debt and bankruptcy",2,0,0,0,0
,,Money laundering regulations,2,0,0,-1.0,0
,,,Registration for specific business types,3,0,0,0,0
,,,Problems and compliance checks,3,0,0,0,0
,,,Your role under the regulations,3,0,0,0,0
,,Business tax,2,0,0,-1.7419354838709675,0
,,,Large and mid-size business,3,0,0,-1.0,0
,,,,Large businesses,4,0,0,0,0
,,,,Mid-sized businesses,4,0,0,0,0
,,,PAYE,3,0,0,-1.0,0
,,,,Statutory pay and leave,4,0,0,0,0
,,,,Special types of employee pay,4,0,0,0,0
,,,,Changes to the business that affect PAYE,4,0,0,0,0
,,,,"Employees joining, leaving or changing their circumstances",4,0,0,0,0
,,,,Expenses and benefits,4,0,0,0,0
,,,,Annual PAYE and payroll tasks,4,0,0,0,0
,,,,Paying HMRC,4,0,0,0,0
,,,,Registering and getting started,4,0,0,0,0
,,,Life insurance policies,3,0,0,0,0
,,,IR35: working through an intermediary,3,0,0,-1.0,0
,,,,Employment intermediaries,4,0,0,0,0
,,,,Off-payroll working rules,4,0,0,0,0
,,,,Employment status,4,0,0,0,0
,,,Capital allowances,3,0,0,0,0
,,,Stamp duty on shares,3,0,0,-1.0,0
,,,,Stamp tax on electronic shares,4,0,0,0,0
,,,,Stamp tax on paper shares,4,0,0,0,0
,,,Air Passenger Duty,3,0,0,0,0
,,,Aggregates Levy,3,0,0,-1.0,0
,,,,Payments and reliefs (aggregates levy),4,0,0,0,0
,,,Construction Industry Scheme (CIS),3,0,0,-1.0,0
,,,,Payments,4,0,0,0,0
,,,,Contractors,4,0,0,0,0
,,,,Subcontractors,4,0,0,0,0
,,,Employment related securities,3,0,0,-1.0,0
,,,,SAYE bonus rates,4,0,0,0,0
,,,,National Insurance transfers,4,0,0,0,0
,,,,Asset valuation,4,0,0,0,0
,,,,Returns and notifications,4,0,0,0,0
,,,Landfill Tax,3,0,0,-1.0,0
,,,,Payments and reliefs (landfill tax),4,0,0,0,0
,,,Gambling duties,3,0,0,-1.0,0
,,,,Paying HMRC,4,0,0,0,0
,,,,"General Betting Duty, Pool Betting Duty and Remote Gaming Duty",4,0,0,0,0
,,,,Machine Games Duty,4,0,0,0,0
,,,,Lottery Duty,4,0,0,0,0
,,,,Gaming Duty,4,0,0,0,0
,,,,Bingo Duty,4,0,0,0,0
,,,Tobacco Products Duty,3,0,0,-1.0,0
,,,,Payments and reliefs (tobacco products duty),4,0,0,0,0
,,,,Moving and storing goods,4,0,0,0,0
,,,Investment schemes,3,0,0,-1.0,0
,,,,Collective Investment Schemes,4,0,0,0,0
,,,,Venture capital schemes,4,0,0,0,0
,,,Stamp duty and other tax on property,3,0,0,-1.0,0
,,,,Filing a SDLT return,4,0,0,0,0
,,,,Annual Tax on Enveloped Dwellings,4,0,0,0,0
,,,,Stamp Duty before December 2003,4,0,0,0,0
,,,,SDLT on specific transactions,4,0,0,0,0
,,,,Pay your SDLT bill,4,0,0,0,0
,,,Alcohol duties,3,0,0,-1.0,0
,,,,Payments and reliefs (Alcohol duty),4,0,0,0,0
,,,,Moving and storing goods,4,0,0,0,0
,,,Fuel Duty,3,0,0,-1.0,0
,,,,Payments and reliefs (Fuel duty),4,0,0,0,0
,,,,Moving and storing goods,4,0,0,0,0
,,,International tax,3,0,0,-1.0,0
,,,,Oil and gas,4,0,0,0,0
,,,,Shipping,4,0,0,0,0
,,,,Double taxation,4,0,0,0,0
,,,Corporation Tax,3,0,0,-1.0,0
,,,,Filing your return,4,0,0,0,0
,,,,Changes to your company,4,0,0,0,0
,,,,Payments and refunds,4,0,0,0,0
,,,,Working out your Corporation Tax,4,0,0,0,0
,,,,Reliefs,4,0,0,0,0
,,,,Preparing accounts for Corporation Tax,4,0,0,0,0
,,,Pension scheme administration,3,0,0,-1.0,0
,,,,Overseas schemes,4,0,0,0,0
,,,,Tax on pensions,4,0,0,0,0
,,,,Paying into a pension scheme,4,0,0,0,0
,,,,Administering a pension scheme,4,0,0,0,0
,,,,Pension scheme trustees,4,0,0,0,0
,,,VAT,3,0,0,-1.0,0
,,,,Rules for particular trades,4,0,0,0,0
,,,,Exporting goods and services,4,0,0,0,0
,,,,Importing goods and services,4,0,0,0,0
,,,,Overseas businesses and UK VAT,4,0,0,0,0
,,,,Charging VAT,4,0,0,0,0
,,,,VAT MOSS,4,0,0,0,0
,,,,Reclaiming VAT on a new home,4,0,0,0,0
,,,,VAT returns,4,0,0,0,0
,,,,Paying,4,0,0,0,0
,,,,Exchange rates,4,0,0,0,0
,,,,Accounting for VAT,4,0,0,0,0
,,,Business tax reform,3,0,0,0,0
,,,Climate Change Levy,3,0,0,0,0
,,,Insurance Premium Tax,3,0,0,-1.0,0
,,,,Paying Insurance Premium Tax,4,0,0,0,0
,,Dealing with HMRC,2,0,0,-1.8222222222222224,0
,,,Paying HMRC,3,0,0,-1.0,0
,,,,PAYE ,4,0,0,0,0
,,,,Payment problems,4,0,0,0,0
,,,,Transport and environmental duties,4,0,0,0,0
,,,,Tax credit overpayments,4,0,0,0,0
,,,,VAT,4,0,0,0,0
,,,,Property taxes,4,0,0,0,0
,,,,Shares,4,0,0,0,0
,,,,Pension schemes,4,0,0,0,0
,,,,Money laundering regulation fees,4,0,0,0,0
,,,,Insurance Premium Tax,4,0,0,0,0
,,,,Inheritance Tax,4,0,0,0,0
,,,,Gambling duties,4,0,0,0,0
,,,,Income Tax and National Insurance,4,0,0,0,0
,,,,Corporation Tax,4,0,0,0,0
,,,,Construction Industry Scheme (through PAYE),4,0,0,0,0
,,,,Child Benefit overpayments,4,0,0,0,0
,,,,Alcohol duties,4,0,0,0,0
,,,,Capital Gains Tax,4,0,0,0,0
,,,Phishing and scams,3,0,0,0,0
,,,Shared Workspace service,3,0,0,0,0
,,,Complaints and appeals,3,0,0,0,0
,,,Tax avoidance,3,0,0,-1.0,0
,,,,Disguised remuneration schemes,4,0,0,0,0
,,,,Disclosing avoidance schemes,4,0,0,0,0
,,,,Identifying avoidance schemes,4,0,0,0,0
,,,Tax compliance,3,0,0,-1.0,0
,,,,International agreements and FATCA,4,0,0,0,0
,,,,Clearances and approvals,4,0,0,0,0
,,,,Disclosing offshore income,4,0,0,0,0
,,,,Reporting tax evasion,4,0,0,0,0
,,,,Non-payment and fraud,4,0,0,0,0
,,,,Disputes,4,0,0,0,0
,,,,Compliance checks,4,0,0,0,0
,,,Tax agent and adviser guidance,3,0,0,-1.0,0
,,,,Money laundering regulations,4,0,0,0,0
,,,,Working with HMRC - joint initiatives,4,0,0,0,0
,,,,Appeals and penalties,4,0,0,0,0
,,,,Compliance checks,4,0,0,0,0
,,,,Agent authorisation,4,0,0,0,0
,,,Software development for HMRC,3,0,0,-1.0,0
,,,,Working in partnership,4,0,0,0,0
,,,,HMRC recognition scheme,4,0,0,0,0
,,,,New to HMRC development,4,0,0,0,0
,,,,Software development support,4,0,0,0,0
,,Personal tax,2,0,0,-1.7111111111111112,0
,,,Inheritance Tax,3,0,0,-1.0,0
,,,,Reliefs,4,0,0,0,0
,,,,Paying HMRC,4,0,0,0,0
,,,,Working out the tax,4,0,0,0,0
,,,,Wills and probate,4,0,0,0,0
,,,National Insurance,3,0,0,-1.0,0
,,,,Voluntary contributions,4,0,0,0,0
,,,,Rates and classes,4,0,0,0,0
,,,,Refunds,4,0,0,0,0
,,,,National Insurance numbers,4,0,0,0,0
,,,Foreign entertainer tax rules,3,0,0,0,0
,,,Coming to the UK,3,0,0,0,0
,,,Capital Gains Tax,3,0,0,-1.0,0
,,,,Paying HMRC,4,0,0,0,0
,,,,Divorce and separation,4,0,0,0,0
,,,,Business,4,0,0,0,0
,,,,Shares and investments,4,0,0,0,0
,,,,Property,4,0,0,0,0
,,,,Personal possessions,4,0,0,0,0
,,,Income Tax,3,0,0,-1.0,0
,,,,Scottish rate of Income Tax,4,0,0,0,0
,,,,Pensions,4,0,0,0,0
,,,,Company benefits and share schemes,4,0,0,0,0
,,,,Student jobs and loans,4,0,0,0,0
,,,,Special types of pay,4,0,0,0,0
,,,,Overpayments and underpayments,4,0,0,0,0
,,,,"Rates, allowances and reliefs",4,0,0,0,0
,,,Self Assessment,3,0,0,-1.0,0
,,,,"Refunds, appeals and penalties",4,0,0,0,0
,,,,Paying your tax bill,4,0,0,0,0
,,,,Records you must keep,4,0,0,0,0
,,,,Filing a tax return,4,0,0,0,0
,,,,Registering for Self Assessment,4,0,0,0,0
,,,Non-resident landlord scheme,3,0,0,0,0
,,,Leaving the UK,3,0,0,0,0
,,,Trusts,3,0,0,0,0
,,,Tax on savings and investments,3,0,0,-1.0,0
,,,,Guidance for financial institutions,4,0,0,0,0
,,,,Tax efficient savings and investments,4,0,0,0,0
,,,,Tax on shares,4,0,0,0,0
,,,,Tax on savings,4,0,0,0,0
,,,Living or working abroad or offshore,3,0,0,-1.0,0
,,,,Rules for specific occupations,4,0,0,0,0
,,,,Living and working abroad,4,0,0,0,0
,,,Personal tax reform,3,0,0,0,0
,,Tax evasion and avoidance,2,0,0,0,0
,Business and industry,1,0,0,-2.282608695652174,0
,,Running a business,2,0,0,-1.5,0
,,,Business debt and bankruptcy,3,0,0,0,0
,,,Business licensing ,3,0,0,0,0
,,,"Business auditing, accounting and reporting",3,0,0,0,0
,,,Employing people,3,0,0,-1.0,0
,,,,Dismissing staff and redundancies,4,0,0,0,0
,,,,Payroll,4,0,0,0,0
,,,,Recruiting and hiring,4,0,0,0,0
,,,Limited companies and partnerships,3,0,0,-1.0,0
,,,,Partnerships,4,0,0,0,0
,,,,Company names,4,0,0,0,0
,,,,Overseas companies and European companies,4,0,0,0,0
,,,,"Company closure, administration, liquidation and insolvency ",4,0,0,0,0
,,,Business finance and support,3,0,0,0,0
,,,Business premises and business rates,3,0,0,0,0
,,Corporate governance,2,0,0,0,0
,,Business regulation,2,0,0,-1.6363636363636362,0
,,,Product safety,3,0,0,0,0
,,,Consumer rights and issues,3,0,0,-1.0,0
,,,,Consumer credit market,4,0,0,0,0
,,,,Gambling regulation,4,0,0,0,0
,,,,Consumer protection,4,0,0,0,0
,,,Regulation reform,3,0,0,-1.0,0
,,,,Company law reform,4,0,0,0,0
,,,Sale of goods and services and data protection,3,0,0,0,0
,,,Energy industry and infrastructure licensing and regulation,3,0,0,0,0
,,,Alcohol licensing ,3,0,0,0,0
,,,Intellectual property,3,0,0,-1.0,0
,,,,Copyright,4,0,0,0,0
,,,,Patents,4,0,0,0,0
,,,,Designs,4,0,0,0,0
,,,,Trade marks,4,0,0,0,0
,,,Competition,3,0,0,-1.0,0
,,,,Competition law,4,0,0,0,0
,,,,Regulatory appeals and references,4,0,0,0,0
,,,,Mergers,4,0,0,0,0
,,,,Markets,4,0,0,0,0
,,,,Consumer protection,4,0,0,0,0
,,,,Competition Act and cartels,4,0,0,0,0
,,Charities and social enterprises,2,0,0,-1.0,0
,,,Trustee role and board,3,0,0,0,0
,,,Fundraising,3,0,0,0,0
,,,"Charity money, tax and accounts",3,0,0,0,0
,,,Community interest companies,3,0,0,0,0
,,Science and innovation,2,0,0,-1.0,0
,,,Scientific research and development,3,0,0,0,0
,,,Research and development,3,0,0,0,0
,,,Animal research and testing,3,0,0,0,0
,,Trade and investment,2,0,0,-1.6363636363636362,0
,,,"Customs declarations, duties and tariffs (import and export)",3,0,0,-1.0,0
,,,,Commodity codes and reporting,4,0,0,0,0
,,,,Customs Freight Simplified Procedures,4,0,0,0,0
,,,,Rules for specific goods and services,4,0,0,0,0
,,,,UK Trade Tariff and classification of goods,4,0,0,0,0
,,,,Exchange rates,4,0,0,0,0
,,,,Get goods through customs,4,0,0,0,0
,,,Free trade,3,0,0,0,0
,,,Outward investment,3,0,0,0,0
,,,Inward investment,3,0,0,0,0
,,,Importing,3,0,0,-1.0,0
,,,,Import controls,4,0,0,0,0
,,,,Wood packaging,4,0,0,0,0
,,,,Commodity codes and reporting,4,0,0,0,0
,,,Trade barriers,3,0,0,0,0
,,,Exporting,3,0,0,-1.0,0
,,,,Embargoes and sanctions,4,0,0,0,0
,,,,Export finance,4,0,0,0,0
,,,,Export controls and licensing,4,0,0,0,0
,,,,Licences and special rules,4,0,0,0,0
,,,,Trade restrictions on exports,4,0,0,0,0
,,,Digital trade,3,0,0,0,0
,,Manufacturing,2,0,0,0,0
,,UK economy,2,0,0,-1.4285714285714284,0
,,,High streets and town centres,3,0,0,0,0
,,,Regional growth fund,3,0,0,0,0
,,,City deals and growth deals,3,0,0,0,0
,,,UK economic growth,3,0,0,-1.0,0
,,,,Economic development in coastal and seaside areas,4,0,0,0,0
,,,,Local Enterprise Partnerships (LEPs) and Enterprise Zones,4,0,0,0,0
,,,,Management of the European Regional Development Fund,4,0,0,0,0
,,Industrial strategy,2,0,0,0,0
,,Business and the environment,2,0,0,-1.0,0
,,,Energy demand reduction,3,0,0,0,0
,,,UK energy security,3,0,0,0,0
,,Media and communications,2,0,0,-1.0,0
,,,Media and creative industries,3,0,0,0,0
,,,Broadband investment,3,0,0,0,0
,,,Communications and telecomms,3,0,0,0,0
,,Financial services,2,0,0,-1.0,0
,,,Financial services regulation,3,0,0,0,0
,,,Access to financial services,3,0,0,0,0
,,,Bank regulation,3,0,0,0,0
